<KicadtoNgspice><source><v2 name="Source type">5</v2><v1 name="Source type">5</v1><v2 name="Source type">pulse<field1 name="Initial Value">0</field1><field2 name="Pulse Value">5</field2><field3 name="Delay Time">0</field3><field4 name="Rise Time">1n</field4><field5 name="Fall Time">1n</field5><field5 name="Pulse width">800u</field5><field5 name="Period">1600u</field5></v2><v1 name="Source type">dc<field1 name="Value">5</field1></v1></source><model><u1 name="type">zener<field1 name="Enter Breakdown Voltage (default=5.6)">5.6</field1><field2 name="Enter Breakdown Current (default=2.0e-2)">2.0e-2</field2><field3 name="Enter Saturation Current (default=1.0e-12)">1.0e-12</field3><field4 name="Enter Forward Emission Coefficient (default=1.0)">1.0</field4><field5 name="Enter Switch for Limiting (default=FALSE)">FALSE</field5></u1><u3 name="type">zener<field6 name="Enter Breakdown Voltage (default=5.6)">5.6</field6><field7 name="Enter Breakdown Current (default=2.0e-2)">2.0e-2</field7><field8 name="Enter Saturation Current (default=1.0e-12)">1.0e-12</field8><field9 name="Enter Forward Emission Coefficient (default=1.0)">1.0</field9><field10 name="Enter Switch for Limiting (default=FALSE)">FALSE</field10></u3><u4 name="type">zener<field11 name="Enter Breakdown Voltage (default=5.6)">5.6</field11><field12 name="Enter Breakdown Current (default=2.0e-2)">2.0e-2</field12><field13 name="Enter Saturation Current (default=1.0e-12)">1.0e-12</field13><field14 name="Enter Forward Emission Coefficient (default=1.0)">1.0</field14><field15 name="Enter Switch for Limiting (default=FALSE)">FALSE</field15></u4><u5 name="type">zener<field16 name="Enter Breakdown Voltage (default=5.6)">5.6</field16><field17 name="Enter Breakdown Current (default=2.0e-2)">2.0e-2</field17><field18 name="Enter Saturation Current (default=1.0e-12)">1.0e-12</field18><field19 name="Enter Forward Emission Coefficient (default=1.0)">1.0</field19><field20 name="Enter Switch for Limiting (default=FALSE)">FALSE</field20></u5></model><devicemodel /><subcircuit /><analysis><ac><field1 name="Lin">true</field1><field2 name="Dec">false</field2><field3 name="Oct">false</field3><field4 name="Start Frequency" /><field5 name="Stop Frequency" /><field6 name="No. of points" /><field7 name="Start Fre Combo">Hz</field7><field8 name="Stop Fre Combo">Hz</field8></ac><dc><field1 name="Source 1" /><field2 name="Start" /><field3 name="Increment" /><field4 name="Stop" /><field5 name="Operating Point">0</field5><field6 name="Start Combo">Volts or Amperes</field6><field7 name="Increment Combo">Volts or Amperes</field7><field8 name="Stop Combo">Volts or Amperes</field8><field9 name="Source 2" /><field10 name="Start" /><field11 name="Increment" /><field12 name="Stop" /><field13 name="Start Combo">Volts or Amperes</field13><field14 name="Increment Combo">Volts or Amperes</field14><field15 name="Stop Combo">Volts or Amperes</field15></dc><tran><field1 name="Start Time">0</field1><field2 name="Step Time">10</field2><field3 name="Stop Time">100</field3><field4 name="Start Combo">ms</field4><field5 name="Step Combo">ms</field5><field6 name="Stop Combo">ms</field6></tran></analysis></KicadtoNgspice>